url,latitude,longitude
https://www.schweizer-wanderwege.ch/de/wandervorschlaege/125/Im-Herzen-des-Thurgaus,47.5669187,9.1097539
https://www.schweizer-wanderwege.ch/de/wandervorschlaege/1274/Uber-den-Frienisberger-Chutzen-nach-Aarberg,46.9950916,7.2850597
https://www.schweizer-wanderwege.ch/de/wandervorschlaege/1288/Von-Mendrisio-durch-die-Gole-della-Breggia,45.8709661,8.9875293
https://www.schweizer-wanderwege.ch/de/wandervorschlaege/1283/Auf-dem-Aare-Uferweg-nach-Bern,46.8739775,7.5631943
https://www.schweizer-wanderwege.ch/de/wandervorschlaege/1282/Durch-das-Surbtal,47.5608453,8.2868629
https://www.schweizer-wanderwege.ch/de/wandervorschlaege/1410/Uber-den-Heuberg-ins-Fricktal,47.5671976,8.0599414
https://www.schweizer-wanderwege.ch/de/wandervorschlaege/106/Vom-Wynental-ins-Seetal,47.3300709,8.1152406
https://www.schweizer-wanderwege.ch/de/wandervorschlaege/1252/Grenzwandern-vor-den-Toren-von-Basel,47.4806046,7.4566901
https://www.schweizer-wanderwege.ch/de/wandervorschlaege/1355/Unterwegs-im-Schwarzbubenland,47.3905084,7.6000186
https://www.schweizer-wanderwege.ch/de/wandervorschlaege/1381/Von-Attiswil-nach-Wangen-an-der-Aare,47.2492334,7.6133081
https://www.schweizer-wanderwege.ch/de/wandervorschlaege/1387/Gipfeltour-auf-den-Monte-Caslano,45.9740071,8.8796805
https://www.schweizer-wanderwege.ch/de/wandervorschlaege/1384/Von-Liestal-nach-Rheinfelden,47.4839723,7.7347783
https://www.schweizer-wanderwege.ch/de/wandervorschlaege/1375/Die-Alpen-zum-Greifen-nah-LU,47.1513607,8.2266792
https://www.schweizer-wanderwege.ch/de/wandervorschlaege/1541/Kiwis-und-Weinreben-am-Genfersee,46.4707776,6.396174
https://www.schweizer-wanderwege.ch/de/wandervorschlaege/1546/Sonne-tanken-am-Lago-Maggiore,46.1330818,8.718797
https://www.schweizer-wanderwege.ch/de/wandervorschlaege/1560/Durch-das-stille-Schenkenbergtal,47.4404603,8.1301174
https://www.schweizer-wanderwege.ch/de/wandervorschlaege/1566/Winter-im-Valle-di-Muggio,45.8817517,9.0351757
https://www.schweizer-wanderwege.ch/de/wandervorschlaege/1565/Dem-Gabelbach-entlang-nach-Bern,46.9343355,7.2968204
https://www.schweizer-wanderwege.ch/de/wandervorschlaege/1571/Bock-auf-den-Gabris-zu-wandern,46.8331565,11.9474837
https://www.schweizer-wanderwege.ch/de/wandervorschlaege/1597/Hohenwandern-im-Oberaargau,47.0902206,7.7895896
https://www.schweizer-wanderwege.ch/de/wandervorschlaege/1604/Tunnelgang-im-Scherligrabe,46.8850228,7.3893334
https://www.schweizer-wanderwege.ch/de/wandervorschlaege/1612/Gut-Kirschen-essen-im-Schwarzbubenland,47.4713252,7.6924647
https://www.schweizer-wanderwege.ch/de/wandervorschlaege/1621/Mit-dem-Bielersee-im-Rucken,49.0538498,10.5131619
https://www.schweizer-wanderwege.ch/de/wandervorschlaege/1628/Durchs-Leimental-nach-Basel,47.4769528,7.5119931
https://www.schweizer-wanderwege.ch/de/wandervorschlaege/1626/Am-Ufer-des-Neuenburgersees,46.8923736,6.9028433
https://www.schweizer-wanderwege.ch/de/wandervorschlaege/1625/Ein-Tag-an-der-Alten-Aare,47.1197383,7.341198
https://www.schweizer-wanderwege.ch/de/wandervorschlaege/1624/Dem-Wasser-entlang-durch-das-Seeland,47.0443346,7.2753004
https://www.schweizer-wanderwege.ch/de/wandervorschlaege/1623/Stadtspaziergang-durch-Biel,47.1402077,7.2439029
https://www.schweizer-wanderwege.ch/de/wandervorschlaege/1635/Urbane-Wanderung-in-Montreux-VD,46.4142394,6.9276018
https://www.schweizer-wanderwege.ch/de/wandervorschlaege/1630/Hoch-uber-dem-Gurbetal,46.8214018,7.4390291
https://www.schweizer-wanderwege.ch/de/wandervorschlaege/1642/Fernsicht-und-Gipfelschau-im-Voralpengebiet,46.9528755,7.6820339
https://www.schweizer-wanderwege.ch/de/wandervorschlaege/1646/Neuenburg-die-gelbe-Stadt,46.9895828,6.9292641
https://www.schweizer-wanderwege.ch/de/wandervorschlaege/1653/Auf-schattigen-Pfaden-rund-um-Grimentz,46.178319,7.5761041
https://www.schweizer-wanderwege.ch/de/wandervorschlaege/2037/Wanderung-auf-die-Gisliflue-im-Jurapark-Aargau,47.4369232,8.1474092
https://www.schweizer-wanderwege.ch/de/wandervorschlaege/2038/Wanderung-im-Reiat-im-Naturpark-Schaffhausen,47.7722392,8.6785329
https://www.schweizer-wanderwege.ch/de/wandervorschlaege/2256/Gemutliche-Wanderung-durch-den-Regionalpark-Aargau,47.477424,8.0897368
https://www.schweizer-wanderwege.ch/de/wandervorschlaege/2257/Vom-Solothurner-Limpachtal-an-die-Aare,47.0918287,7.4475343
https://www.schweizer-wanderwege.ch/de/wandervorschlaege/2258/Kirchen-und-Kapellen-im-Val-Capriasca,46.0394453,8.9322308
https://www.schweizer-wanderwege.ch/de/wandervorschlaege/2730/Entlang-der-Saane-und-umgeben-von-den-Freiburger-Voralpen,49.7106979,4.6041316
https://www.schweizer-wanderwege.ch/de/wandervorschlaege/2731/Stille-erleben-auf-dem-Jura-Hohenweg-in-der-Ajoie,47.4270918,7.1747627
https://www.schweizer-wanderwege.ch/de/wandervorschlaege/2732/Gemutliche-Wanderung-am-Rande-des-Emmentals,47.1147419,7.8455436
https://www.schweizer-wanderwege.ch/de/wandervorschlaege/2736/Vorbei-an-Reben-und-Burgen-durch-die-Bundner-Herrschaft,46.9821456,9.5761204
https://www.schweizer-wanderwege.ch/de/wandervorschlaege/2737/Auf-einsamen-Pfaden-im-grunen-Valle-di-Vergeletto,46.2249288,8.615729
https://www.schweizer-wanderwege.ch/de/wandervorschlaege/1288/Von-Mendrisio-durch-die-Gole-della-Breggia,45.8709661,8.9875293
https://www.schweizer-wanderwege.ch/de/wandervorschlaege/1283/Auf-dem-Aare-Uferweg-nach-Bern,46.8739775,7.5631943
https://www.schweizer-wanderwege.ch/de/wandervorschlaege/1282/Durch-das-Surbtal,47.5608453,8.2868629
https://www.schweizer-wanderwege.ch/de/wandervorschlaege/1410/Uber-den-Heuberg-ins-Fricktal,47.5671976,8.0599414
https://www.schweizer-wanderwege.ch/de/wandervorschlaege/106/Vom-Wynental-ins-Seetal,47.3300709,8.1152406
https://www.schweizer-wanderwege.ch/de/wandervorschlaege/1252/Grenzwandern-vor-den-Toren-von-Basel,47.4806046,7.4566901
https://www.schweizer-wanderwege.ch/de/wandervorschlaege/1355/Unterwegs-im-Schwarzbubenland,47.3905084,7.6000186
https://www.schweizer-wanderwege.ch/de/wandervorschlaege/1381/Von-Attiswil-nach-Wangen-an-der-Aare,47.2492334,7.6133081
https://www.schweizer-wanderwege.ch/de/wandervorschlaege/1387/Gipfeltour-auf-den-Monte-Caslano,45.9740071,8.8796805
https://www.schweizer-wanderwege.ch/de/wandervorschlaege/1384/Von-Liestal-nach-Rheinfelden,47.4839723,7.7347783
https://www.schweizer-wanderwege.ch/de/wandervorschlaege/1375/Die-Alpen-zum-Greifen-nah-LU,47.1513607,8.2266792
https://www.schweizer-wanderwege.ch/de/wandervorschlaege/1541/Kiwis-und-Weinreben-am-Genfersee,46.4707776,6.396174
https://www.schweizer-wanderwege.ch/de/wandervorschlaege/1546/Sonne-tanken-am-Lago-Maggiore,46.1330818,8.718797
https://www.schweizer-wanderwege.ch/de/wandervorschlaege/1560/Durch-das-stille-Schenkenbergtal,47.4404603,8.1301174
https://www.schweizer-wanderwege.ch/de/wandervorschlaege/1566/Winter-im-Valle-di-Muggio,45.8817517,9.0351757
https://www.schweizer-wanderwege.ch/de/wandervorschlaege/1565/Dem-Gabelbach-entlang-nach-Bern,46.9343355,7.2968204
https://www.schweizer-wanderwege.ch/de/wandervorschlaege/1571/Bock-auf-den-Gabris-zu-wandern,46.8331565,11.9474837
https://www.schweizer-wanderwege.ch/de/wandervorschlaege/1597/Hohenwandern-im-Oberaargau,47.0902206,7.7895896
https://www.schweizer-wanderwege.ch/de/wandervorschlaege/1604/Tunnelgang-im-Scherligrabe,46.8850228,7.3893334
https://www.schweizer-wanderwege.ch/de/wandervorschlaege/1612/Gut-Kirschen-essen-im-Schwarzbubenland,47.4713252,7.6924647
https://www.schweizer-wanderwege.ch/de/wandervorschlaege/1621/Mit-dem-Bielersee-im-Rucken,49.0538498,10.5131619
https://www.schweizer-wanderwege.ch/de/wandervorschlaege/1628/Durchs-Leimental-nach-Basel,47.4769528,7.5119931
https://www.schweizer-wanderwege.ch/de/wandervorschlaege/1626/Am-Ufer-des-Neuenburgersees,46.8923736,6.9028433
https://www.schweizer-wanderwege.ch/de/wandervorschlaege/1625/Ein-Tag-an-der-Alten-Aare,47.1197383,7.341198
https://www.schweizer-wanderwege.ch/de/wandervorschlaege/1624/Dem-Wasser-entlang-durch-das-Seeland,47.0443346,7.2753004
https://www.schweizer-wanderwege.ch/de/wandervorschlaege/1623/Stadtspaziergang-durch-Biel,47.1402077,7.2439029
https://www.schweizer-wanderwege.ch/de/wandervorschlaege/1635/Urbane-Wanderung-in-Montreux-VD,46.4142394,6.9276018
https://www.schweizer-wanderwege.ch/de/wandervorschlaege/1630/Hoch-uber-dem-Gurbetal,46.8214018,7.4390291
https://www.schweizer-wanderwege.ch/de/wandervorschlaege/1642/Fernsicht-und-Gipfelschau-im-Voralpengebiet,46.9528755,7.6820339
https://www.schweizer-wanderwege.ch/de/wandervorschlaege/1646/Neuenburg-die-gelbe-Stadt,46.9895828,6.9292641
https://www.schweizer-wanderwege.ch/de/wandervorschlaege/1653/Auf-schattigen-Pfaden-rund-um-Grimentz,46.178319,7.5761041
https://www.schweizer-wanderwege.ch/de/wandervorschlaege/1677/Streifzug-durch-das-Grauholz-bei-Bern,46.9847012,7.4984431
https://www.schweizer-wanderwege.ch/de/wandervorschlaege/1688/Durch-Solothurner-und-Aargauer-Auenlandschaften,47.3496571,7.903787
https://www.schweizer-wanderwege.ch/de/wandervorschlaege/1692/Weitsicht-im-Luzerner-Hinterland,47.184353,8.026173
https://www.schweizer-wanderwege.ch/de/wandervorschlaege/1689/Am-Sonnenhang-des-Bellinzonese,46.1920538,9.0205888
https://www.schweizer-wanderwege.ch/de/wandervorschlaege/1709/Im-Val-Terbi,47.3485085,7.4570752
https://www.schweizer-wanderwege.ch/de/wandervorschlaege/1404/Rund-um-die-Stadt-Neuenburg,46.9895828,6.9292641
https://www.schweizer-wanderwege.ch/de/wandervorschlaege/1718/Vom-Wynental-zum-Sempachersee,47.2065627,8.1924757
https://www.schweizer-wanderwege.ch/de/wandervorschlaege/1728/Den-See-im-Blick,47.5038653,9.3586097
https://www.schweizer-wanderwege.ch/de/wandervorschlaege/1733/Flanieren-am-Ufer-des-Bodensees,47.6320515,9.2361096
https://www.schweizer-wanderwege.ch/de/wandervorschlaege/1757/Von-der-Areuse-zum-Neuenburgersee,46.9494086,6.8390014
https://www.schweizer-wanderwege.ch/de/wandervorschlaege/1785/Ruhige-Insel-im-Chernwald,46.9007819,8.2753587
https://www.schweizer-wanderwege.ch/de/wandervorschlaege/1812/Rund-um-den-Hegewald,47.1168914,7.8965101
https://www.schweizer-wanderwege.ch/de/wandervorschlaege/1808/Historische-Perlen-im-Basler-Jura,47.501507,7.7192231
https://www.schweizer-wanderwege.ch/de/wandervorschlaege/1807/Rund-um-das-Ruedertal,47.2503681,8.118666
https://www.schweizer-wanderwege.ch/de/wandervorschlaege/1803/Winterlicher-Gang-dem-Greifensee-entlang,47.3393805,8.6730337
https://www.schweizer-wanderwege.ch/de/wandervorschlaege/1821/Entdeckungen-im-Neuenburger-Jura,46.8459175,6.4694927
https://www.schweizer-wanderwege.ch/de/wandervorschlaege/1825/Uber-das-Bruederholz-nach-Basel,47.4835235,7.5458641
https://www.schweizer-wanderwege.ch/de/wandervorschlaege/1834/Zum-Burgaschisee-im-Wasseramt,47.1835715,7.6472184
https://www.schweizer-wanderwege.ch/de/wandervorschlaege/1843/Entlang-der-Allaine,47.458606,7.0467882
https://www.schweizer-wanderwege.ch/de/wandervorschlaege/1849/Vom-Glatttal-uber-den-Laubberg-an-den-Rhein,47.559752,8.5008282
https://www.schweizer-wanderwege.ch/de/wandervorschlaege/1904/Familienwanderung-bei-Bern,46.9326712,7.4655907
https://www.schweizer-wanderwege.ch/de/wandervorschlaege/1914/Winterruhe-am-Hallwilersee,47.3161571,8.1852511
https://www.schweizer-wanderwege.ch/de/wandervorschlaege/1916/Im-Baselbieter-Tafeljura-von-Dorf-zu-Dorf,47.4504199,7.9411672
https://www.schweizer-wanderwege.ch/de/wandervorschlaege/1919/Die-Selven-von-Alto-Malcantone,46.0483355,8.8998419
https://www.schweizer-wanderwege.ch/de/wandervorschlaege/1937/Winterlicher-Schwarzwassergraben,46.8761849,7.36711
https://www.schweizer-wanderwege.ch/de/wandervorschlaege/1941/Entlang-der-Bisse-de-Clavau-bei-Sion,46.2311749,7.3588795
https://www.schweizer-wanderwege.ch/de/wandervorschlaege/1946/Von-Burg-zu-Burg-vor-den-Toren-von-Basel,47.525113,7.6477401
https://www.schweizer-wanderwege.ch/de/wandervorschlaege/1948/Naturerlebnis-im-Centovalli,45.9941511,8.572928
https://www.schweizer-wanderwege.ch/de/wandervorschlaege/1957/Zur-Burg-Hohenklingen-bei-Stein-am-Rhein,47.6597323,8.8596823
https://www.schweizer-wanderwege.ch/de/wandervorschlaege/2051/Historische-Wanderung-zur-Eisernen-Hand-am-Basler-Rheinknie,47.5816927,7.6479737
https://www.schweizer-wanderwege.ch/de/wandervorschlaege/2054/Idyllische-Wanderung-durchs-Churz-und-Langloch-nach-Schaffhausen,47.7470005,8.7061689
https://www.schweizer-wanderwege.ch/de/wandervorschlaege/2277/Durch-den-Viadukt-von-Fribourg-wandern,46.8150815,7.1560209
https://www.schweizer-wanderwege.ch/de/wandervorschlaege/2750/Vom-Sandsteinbruch-bis-zum-Bundeshaus,46.9553973,7.5076343
https://www.schweizer-wanderwege.ch/de/wandervorschlaege/2751/Uferwanderung-entlang-des-Genfersees,46.5093268,6.498317
https://www.schweizer-wanderwege.ch/de/wandervorschlaege/2752/Dem-Rotsee-und-der-Reuss-entlang,47.0643521,8.30851
https://www.schweizer-wanderwege.ch/de/wandervorschlaege/2754/Spielend-wandern-ins-Herz-von-St-Gallen,47.4260321,9.4099225
https://www.schweizer-wanderwege.ch/de/wandervorschlaege/2755/Auf-historischen-Spuren-durchs-Misox,46.2395368,9.1345731
https://www.schweizer-wanderwege.ch/de/wandervorschlaege/2758/Neue-Natur-im-Seebachtal,47.6251294,8.8269515
https://www.schweizer-wanderwege.ch/de/wandervorschlaege/3134/Ursprungliche-und-kultivierte-Natur,46.1942166,5.995375
https://www.schweizer-wanderwege.ch/de/wandervorschlaege/3135/Abenteuer-an-der-ursprunglichen-Sense,48.0446109,8.5081226
https://www.schweizer-wanderwege.ch/de/wandervorschlaege/3283/Charmante-Dorfer-und-wilde-Landschaft-im-Muggiotal,45.8817517,9.0351757
https://www.schweizer-wanderwege.ch/de/wandervorschlaege/3308/Unterwegs-in-den-Naturparks-des-Mendrisiotto,45.8355209,9.0290169
https://www.schweizer-wanderwege.ch/de/wandervorschlaege/3309/Durch-die-waldigen-Taler-des-Monte-Generoso,45.8712933,8.9868435
https://www.schweizer-wanderwege.ch/de/wandervorschlaege/3311/Entlang-der-sudlichen-Grenze-des-Tessins,45.8434007,8.9206748
https://www.schweizer-wanderwege.ch/de/wandervorschlaege/3312/Durch-das-ursprungliche-Muggiotal,45.9214898,9.039342
https://www.schweizer-wanderwege.ch/de/wandervorschlaege/3313/Urbane-Wanderung-entlang-des-Laveggio,45.8466909,8.933933
https://www.schweizer-wanderwege.ch/de/wandervorschlaege/3316/Viel-Aussicht-auf-dem-Monte-San-Giorgio,45.8807051,8.9565873
https://www.schweizer-wanderwege.ch/de/wandervorschlaege/3317/Fossilienwanderung-am-Monte-San-Giorgio,45.8905716,8.9514637
https://www.schweizer-wanderwege.ch/de/wandervorschlaege/3382/In-Walsers-Fussstapfen-nach-St-Gallen,47.38555,9.2787571
https://www.schweizer-wanderwege.ch/de/wandervorschlaege/3433/Durch-Rebberge-und-uber-eine-Hangebrucke,46.1889951,7.2408518
https://www.schweizer-wanderwege.ch/de/wandervorschlaege/3435/Inspirierende-Weite-am-Genfersee,46.5269424,6.672796
https://www.schweizer-wanderwege.ch/de/wandervorschlaege/3438/Farbige-Herbstwalder-und-Sandsteinfelsen,47.0430872,7.5406257
https://www.schweizer-wanderwege.ch/de/wandervorschlaege/3441/Durchs-Naherholungsgebiet-bei-Zurich,47.3456637,8.5993998
https://www.schweizer-wanderwege.ch/de/wandervorschlaege/3455/Vom-Reussufer-zum-Erdmannlistei,47.3189955,8.3720539
https://www.schweizer-wanderwege.ch/de/wandervorschlaege/3502/Zu-den-Turmen-am-Baselbieter-Wiseberg,47.4062598,7.8722368
https://www.schweizer-wanderwege.ch/de/wandervorschlaege/3506/Milde-Winde-am-Baldeggersee,47.2248416,8.2620093
https://www.schweizer-wanderwege.ch/de/wandervorschlaege/3509/Uber-die-Strada-Romana-am-Monte-Ceneri,46.1240899,8.9249644
https://www.schweizer-wanderwege.ch/de/wandervorschlaege/1272/Der-Kleinen-Emme-entlang-durchs-Entlebuch,nan,nan
https://www.schweizer-wanderwege.ch/de/wandervorschlaege/32/Husky-Traum,nan,nan
https://www.schweizer-wanderwege.ch/de/wandervorschlaege/1426/Aufregende-Ausblicke-auf-dem-Hochalp-Trail,nan,nan
https://www.schweizer-wanderwege.ch/de/wandervorschlaege/1075/Den-ganzen-Tag-im-Schnee,nan,nan
https://www.schweizer-wanderwege.ch/de/wandervorschlaege/1090/Panorama-Trail-in-Obwalden,nan,nan
https://www.schweizer-wanderwege.ch/de/wandervorschlaege/1207/Schneeschuhwanderung-auf-den-Chasseron,nan,nan
https://www.schweizer-wanderwege.ch/de/wandervorschlaege/2056/Umwelt-Arena-Spreitenbach-der-Nachhaltigkeit-auf-der-Spur,nan,nan
https://www.schweizer-wanderwege.ch/de/wandervorschlaege/2068/Winterfreuden-auf-dem-Dahu-Pfad,nan,nan
https://www.schweizer-wanderwege.ch/de/wandervorschlaege/2228/Schneeschuhwandern-im-freiburgischen-Wintersportparadies,nan,nan
https://www.schweizer-wanderwege.ch/de/wandervorschlaege/2253/Panoramawanderung-uber-verschneite-Hochmoorflachen,nan,nan
https://www.schweizer-wanderwege.ch/de/wandervorschlaege/2254/Auf-historischem-Weg-ins-Muotatal,nan,nan
https://www.schweizer-wanderwege.ch/de/wandervorschlaege/2255/Auf-Walserpfaden-durch-Obersaxen,nan,nan
https://www.schweizer-wanderwege.ch/de/wandervorschlaege/3048/Barenland-Erlebnisweg,nan,nan
https://www.schweizer-wanderwege.ch/de/wandervorschlaege/3373/4-Angebote-der-Berglandschule-Goms,nan,nan
https://www.schweizer-wanderwege.ch/de/wandervorschlaege/141/La-Vue-des-Alpes,nan,nan
https://www.schweizer-wanderwege.ch/de/wandervorschlaege/136/Wandern-und-Schlitteln,nan,nan
https://www.schweizer-wanderwege.ch/de/wandervorschlaege/169/Kantone-Basel-Stadt-Landschaft,nan,nan
https://www.schweizer-wanderwege.ch/de/wandervorschlaege/230/Pays-d-Enhaut,nan,nan
https://www.schweizer-wanderwege.ch/de/wandervorschlaege/249/Lenzerheide,nan,nan
https://www.schweizer-wanderwege.ch/de/wandervorschlaege/344/Auf-Schneeschuhen-durchs-Kiental,46.5836472,7.7269443
https://www.schweizer-wanderwege.ch/de/wandervorschlaege/368/Kleinkraftwerke,nan,nan
https://www.schweizer-wanderwege.ch/de/wandervorschlaege/377/Hallwilersee,47.2664506,8.2027093
https://www.schweizer-wanderwege.ch/de/wandervorschlaege/432/Aletschregion,nan,nan
https://www.schweizer-wanderwege.ch/de/wandervorschlaege/431/Stelserberg,46.965837,9.7146085
https://www.schweizer-wanderwege.ch/de/wandervorschlaege/428/Romantische-Hotels,47.1275781,9.5387175
https://www.schweizer-wanderwege.ch/de/wandervorschlaege/468/Sauschwanzlebahn,47.791799,8.6102341
https://www.schweizer-wanderwege.ch/de/wandervorschlaege/613/Winterliche-Vogelsafari,nan,nan
https://www.schweizer-wanderwege.ch/de/wandervorschlaege/612/Unterwegs-im-Goms-2,51.9625101,7.6251879
https://www.schweizer-wanderwege.ch/de/wandervorschlaege/611/Unterwegs-im-Goms-1,46.5328571,8.3520502
https://www.schweizer-wanderwege.ch/de/wandervorschlaege/609/Dem-Huiskafi-auf-der-Spur,46.9134569,8.3668617
https://www.schweizer-wanderwege.ch/de/wandervorschlaege/608/Auf-und-ab-im-Jura-vaudois,46.4545264,6.1117067
https://www.schweizer-wanderwege.ch/de/wandervorschlaege/607/Zur-Buvette-von-Ovronnaz,46.201571,7.173975
https://www.schweizer-wanderwege.ch/de/wandervorschlaege/606/Feines-aus-dem-Prattigau,46.969739,9.813468
https://www.schweizer-wanderwege.ch/de/wandervorschlaege/592/Holzwirtschaft-im-Entlebuch,46.8221657,8.0349311
https://www.schweizer-wanderwege.ch/de/wandervorschlaege/633/Winterzauber-in-Preda,46.5904281,9.7739244
https://www.schweizer-wanderwege.ch/de/wandervorschlaege/758/Verschneites-Appenzell,47.256134,9.3192548
https://www.schweizer-wanderwege.ch/de/wandervorschlaege/757/Gipfeltour-mit-Seesicht,46.4203898,7.106108
https://www.schweizer-wanderwege.ch/de/wandervorschlaege/756/Dem-Plasselbschlund-entlang,46.6701725,7.287833
https://www.schweizer-wanderwege.ch/de/wandervorschlaege/755/Uber-vier-Schultern-wandern,46.4968808,7.0350776
https://www.schweizer-wanderwege.ch/de/wandervorschlaege/754/Ruhige-Tour-oberhalb-von-Rougemont,49.9892202,-2.2384698
https://www.schweizer-wanderwege.ch/de/wandervorschlaege/753/Knorrige-Arven-am-Mannlichen,46.5850987,7.9608968
https://www.schweizer-wanderwege.ch/de/wandervorschlaege/752/Durch-Grachens-verschneite-Walder,46.1960178,7.8421612
https://www.schweizer-wanderwege.ch/de/wandervorschlaege/751/Am-Fusse-des-Calanda,46.9098162,9.4415215
https://www.schweizer-wanderwege.ch/de/wandervorschlaege/750/Hochgefuhle-uber-dem-Simmental,46.5511623,7.3396399
https://www.schweizer-wanderwege.ch/de/wandervorschlaege/749/Aussicht-vom-Weisshorn-650-Berge-im-Blick,45.7649931,13.1675011
https://www.schweizer-wanderwege.ch/de/wandervorschlaege/748/Wandern-wo-die-Schirme-gleiten,46.4990334,7.5452815
https://www.schweizer-wanderwege.ch/de/wandervorschlaege/746/Rund-um-den-Trubsee,nan,nan
https://www.schweizer-wanderwege.ch/de/wandervorschlaege/760/Veysonnaz-im-Winter-2,46.1950739,7.3410559
https://www.schweizer-wanderwege.ch/de/wandervorschlaege/759/Veysonnaz-im-Winter-1,46.2021709,7.3698173
https://www.schweizer-wanderwege.ch/de/wandervorschlaege/792/Winterwanderung-Fluhalp,46.0168521,7.7873632
https://www.schweizer-wanderwege.ch/de/wandervorschlaege/855/Von-Gontenbad-nach-Jakobsbad,47.3319339,9.3721845
https://www.schweizer-wanderwege.ch/de/wandervorschlaege/854/Rundwanderung-auf-dem-Zugerberg,47.1437602,8.5337843
https://www.schweizer-wanderwege.ch/de/wandervorschlaege/851/Von-Heiligenschwendi-nach-Schwanden,48.1756438,9.9784952
https://www.schweizer-wanderwege.ch/de/wandervorschlaege/850/Von-Aminona-nach-Montana,46.3314255,7.5322704
https://www.schweizer-wanderwege.ch/de/wandervorschlaege/849/Von-Les-Paccots-nach-Les-Guederes,46.5220308,6.9465972
https://www.schweizer-wanderwege.ch/de/wandervorschlaege/848/Von-La-Corbatiere-nach-La-Sagne,47.0663671,6.8347807
https://www.schweizer-wanderwege.ch/de/wandervorschlaege/918/Winterwandern-und-schlitteln-4,46.5239561,9.9098329
https://www.schweizer-wanderwege.ch/de/wandervorschlaege/916/Winterwandern-und-schlitteln-3,46.4596559,8.8991911
https://www.schweizer-wanderwege.ch/de/wandervorschlaege/915/Winterzauber-an-der-Sonne,nan,nan
https://www.schweizer-wanderwege.ch/de/wandervorschlaege/914/In-der-Kalte-von-La-Brevine,46.9801928,6.6070172
https://www.schweizer-wanderwege.ch/de/wandervorschlaege/913/Vielfaltiges-Selibuel,nan,nan
https://www.schweizer-wanderwege.ch/de/wandervorschlaege/912/Den-Gantrisch-im-Blickfeld,46.7335645,7.453424
https://www.schweizer-wanderwege.ch/de/wandervorschlaege/910/Winterwandern-und-schlitteln-2,46.7015964,7.7722918
https://www.schweizer-wanderwege.ch/de/wandervorschlaege/782/Frisch-verschneite-Riederalp,46.3782021,8.0334815
https://www.schweizer-wanderwege.ch/de/wandervorschlaege/947/Mystisches-Vallee-de-Joux,nan,nan
https://www.schweizer-wanderwege.ch/de/wandervorschlaege/946/Marchenhaftes-Toggenburgerland,47.1764433,9.3002863
https://www.schweizer-wanderwege.ch/de/wandervorschlaege/959/Haldi-fur-jedes-Wetter,58.8076697,22.4657466
https://www.schweizer-wanderwege.ch/de/wandervorschlaege/1044/Hoch-uber-dem-Vierwaldstattersee,47.0567857,8.4861404
https://www.schweizer-wanderwege.ch/de/wandervorschlaege/1043/Weitsicht-hoch-uber-dem-Walensee,47.1474357,9.1731764
https://www.schweizer-wanderwege.ch/de/wandervorschlaege/1040/Hoch-uber-dem-Haslital,46.7326511,8.2105515
https://www.schweizer-wanderwege.ch/de/wandervorschlaege/1039/Auf-dem-jurassischen-Hochplateau,48.1010988,6.9175319
https://www.schweizer-wanderwege.ch/de/wandervorschlaege/1038/Hoch-uber-dem-Vispertal,46.2385196,7.851508
https://www.schweizer-wanderwege.ch/de/wandervorschlaege/1037/Im-Hochtal-von-Les-Diablerets,46.3511021,7.1566435
https://www.schweizer-wanderwege.ch/de/wandervorschlaege/1057/Auf-Sonnensuche-bei-Sedrun,nan,nan
https://www.schweizer-wanderwege.ch/de/wandervorschlaege/1056/Zuhinterst-im-Diemtigtal-2,46.57316,7.4851984
https://www.schweizer-wanderwege.ch/de/wandervorschlaege/1055/Zuhinterst-im-Diemtigtal-1,nan,nan
https://www.schweizer-wanderwege.ch/de/wandervorschlaege/1054/Wandern-zu-Spektakeln-4,46.8261726,9.5170869
https://www.schweizer-wanderwege.ch/de/wandervorschlaege/1052/Wandern-zu-Spektakeln-2,46.838175,8.1880027
https://www.schweizer-wanderwege.ch/de/wandervorschlaege/1051/Wandern-zu-Spektakeln-1,50.2839386,7.454023
https://www.schweizer-wanderwege.ch/de/wandervorschlaege/1046/Auf-der-winterlichen-Via-Engiadina,46.7678263,10.1114901
https://www.schweizer-wanderwege.ch/de/wandervorschlaege/1061/Auf-Sonnensuche-bei-Sedrun,nan,nan
https://www.schweizer-wanderwege.ch/de/wandervorschlaege/1074/Tiefverschneite-Baderegg,46.591426,7.33747
https://www.schweizer-wanderwege.ch/de/wandervorschlaege/1076/Vertraumte-Schneelandschaft,46.903213,8.6879629
https://www.schweizer-wanderwege.ch/de/wandervorschlaege/1109/Aussicht-von-den-Sonnenhangen,46.7498245,8.2363643
https://www.schweizer-wanderwege.ch/de/wandervorschlaege/1101/Schneeschuhtour-im-Val-d-Anniviers,46.2284033,7.6110587
https://www.schweizer-wanderwege.ch/de/wandervorschlaege/1167/Ein-Nachmittag-in-jurassischen-Laubwaldern,47.4922216,7.1356228
https://www.schweizer-wanderwege.ch/de/wandervorschlaege/1166/Walserspuren-im-Fondei,46.5124342,16.9303859
https://www.schweizer-wanderwege.ch/de/wandervorschlaege/1177/Alpenpanorama-uber-dem-Nebelmeer,58.8869266,25.5699121
https://www.schweizer-wanderwege.ch/de/wandervorschlaege/1176/Stille-Wintertage-im-Averstal,46.4523137,9.5484153
https://www.schweizer-wanderwege.ch/de/wandervorschlaege/1175/Wunderbare-Wintersperre-im-Urserental,46.5988457,8.5020509
https://www.schweizer-wanderwege.ch/de/wandervorschlaege/1174/Auf-der-Hochebene-am-Col-des-Etroits,46.8298657,6.4950363
https://www.schweizer-wanderwege.ch/de/wandervorschlaege/1173/Panoramatour-uber-dem-Val-d-Anniviers,46.2284033,7.6110587
https://www.schweizer-wanderwege.ch/de/wandervorschlaege/1172/Panoramaweg-am-Adelbodner-Sonnenhang,46.4927213,7.5587618
https://www.schweizer-wanderwege.ch/de/wandervorschlaege/1171/Einsamer-Wintertag-im-Greyerzerland,43.0361187,1.3662951
https://www.schweizer-wanderwege.ch/de/wandervorschlaege/1188/Windiger-Mont-Crosin,47.1657807,6.9893661
https://www.schweizer-wanderwege.ch/de/wandervorschlaege/1187/Im-Reich-der-Schneehuhner,46.1733718,7.4421788
https://www.schweizer-wanderwege.ch/de/wandervorschlaege/1186/Verschneite-Alp-in-Engelberg,46.8223497,8.4043996
https://www.schweizer-wanderwege.ch/de/wandervorschlaege/1185/Verschneite-Suone-in-Grachen,46.1949266,7.8383626
https://www.schweizer-wanderwege.ch/de/wandervorschlaege/1184/Von-Arosa-zur-Lenzerheide,46.783882,9.679442
https://www.schweizer-wanderwege.ch/de/wandervorschlaege/1183/Ein-Tee-mit-Aussicht,46.783882,9.679442
https://www.schweizer-wanderwege.ch/de/wandervorschlaege/1182/Auf-und-Ab-in-Tschiertschen,46.806546,9.5977001
https://www.schweizer-wanderwege.ch/de/wandervorschlaege/1180/Hohenweg-in-Braunwald,46.9392639,8.9984978
https://www.schweizer-wanderwege.ch/de/wandervorschlaege/1179/Hoch-uber-Airolo,46.5138878,8.606985
https://www.schweizer-wanderwege.ch/de/wandervorschlaege/1178/Ruhige-Sonnenseite-uber-Wildhaus,47.2033184,9.3507024
https://www.schweizer-wanderwege.ch/de/wandervorschlaege/1191/Grenzwandern-in-Schaffhausen,47.6975304,8.4597761
https://www.schweizer-wanderwege.ch/de/wandervorschlaege/121/Entlang-der-Gastlosen-zum-Soldatenhaus,46.5951301,7.2828468
https://www.schweizer-wanderwege.ch/de/wandervorschlaege/120/Unter-den-Freiburger-Dents-Vertes,46.6451996,7.2187275
https://www.schweizer-wanderwege.ch/de/wandervorschlaege/110/Winterzauber-im-Saanenland,46.4247066,7.3223985
https://www.schweizer-wanderwege.ch/de/wandervorschlaege/128/Winterfreuden-im-Turbachtal,nan,nan
https://www.schweizer-wanderwege.ch/de/wandervorschlaege/123/Durch-verschneite-Jurahohen,46.8298657,6.4950363
https://www.schweizer-wanderwege.ch/de/wandervorschlaege/122/Bergbeizlitour-rund-um-Urnasch,47.3178621,9.2834506
https://www.schweizer-wanderwege.ch/de/wandervorschlaege/138/Immer-der-Sonne-entgegen,nan,nan
https://www.schweizer-wanderwege.ch/de/wandervorschlaege/137/Runden-drehen-im-Lenker-Schnee,46.4356604,7.4229011
https://www.schweizer-wanderwege.ch/de/wandervorschlaege/1192/Auf-den-Fahnerenspitz,47.2970696,9.4561264
https://www.schweizer-wanderwege.ch/de/wandervorschlaege/1199/Thurgauer-Rebenweg,47.6058883,8.7678049
https://www.schweizer-wanderwege.ch/de/wandervorschlaege/1206/Durch-das-Hochmoor-zum-Kloster-Einsiedeln,47.1047258,8.6748441
https://www.schweizer-wanderwege.ch/de/wandervorschlaege/1216/Panoramaweg-durch-Murren,46.5468623,7.8940031
https://www.schweizer-wanderwege.ch/de/wandervorschlaege/1215/Winterfruhling-uber-Davos,46.7863826,9.832945
https://www.schweizer-wanderwege.ch/de/wandervorschlaege/1214/Zwischen-Bettmeralp-und-Fiescheralp,46.3905924,8.0627954
https://www.schweizer-wanderwege.ch/de/wandervorschlaege/1213/Zum-Denkmal-auf-der-Belalp,46.3714358,7.9724714
https://www.schweizer-wanderwege.ch/de/wandervorschlaege/1208/Wo-einst-der-heilige-Martin-wanderte,46.9219717,9.1542662
https://www.schweizer-wanderwege.ch/de/wandervorschlaege/1223/Von-Ittingen-nach-Stammheim,47.5832841,8.8658328
https://www.schweizer-wanderwege.ch/de/wandervorschlaege/1220/Von-Chavannes-de-Bogis-nach-Versoix,nan,nan
https://www.schweizer-wanderwege.ch/de/wandervorschlaege/1218/Sonnenbaden-im-Angesicht-der-Churfirsten,47.0900578,9.2979714
https://www.schweizer-wanderwege.ch/de/wandervorschlaege/1217/Von-Wil-AG-uber-den-Laubberg-nach-Remigen,47.5609977,8.1519962
https://www.schweizer-wanderwege.ch/de/wandervorschlaege/1235/Auf-direktem-Weg-zum-Spital,47.0580562,8.7993113
https://www.schweizer-wanderwege.ch/de/wandervorschlaege/1226/Chuematten-Trail-am-Niederhorn,46.7015964,7.7722918
https://www.schweizer-wanderwege.ch/de/wandervorschlaege/1237/Von-St-Blaise-nach-Le-Landeron,50.3523312,-4.725889
https://www.schweizer-wanderwege.ch/de/wandervorschlaege/1253/Skandinavien-im-Simmental,46.4419584,7.456698
https://www.schweizer-wanderwege.ch/de/wandervorschlaege/1291/Von-Zermatt-in-den-Alpweiler-Zmutt,46.0212076,7.749254
https://www.schweizer-wanderwege.ch/de/wandervorschlaege/1290/Rundweg-von-Brulisau-zum-Plattenbodeli,47.2970696,9.4561264
https://www.schweizer-wanderwege.ch/de/wandervorschlaege/1289/Schneeschuhtour-am-Col-des-Mosses,46.3989758,7.1026303
https://www.schweizer-wanderwege.ch/de/wandervorschlaege/1287/Von-Oberberg-an-die-Ibergeregg,46.9999576,8.7202102
https://www.schweizer-wanderwege.ch/de/wandervorschlaege/1286/Von-La-Brevine-zum-Lac-des-Tailleres,46.9801928,6.6070172
https://www.schweizer-wanderwege.ch/de/wandervorschlaege/1285/Rund-um-den-Piz-Mundaun,46.7563393,9.1198528
https://www.schweizer-wanderwege.ch/de/wandervorschlaege/1284/Auf-Schneeschuhen-zum-Leiterhorn,46.6577188,11.9243258
https://www.schweizer-wanderwege.ch/de/wandervorschlaege/1297/Magisches-Val-Roseg-GR,46.489993,9.9042965
https://www.schweizer-wanderwege.ch/de/wandervorschlaege/1412/Winterwanderung-zur-Britanniahutte,46.0688082,7.9156999
https://www.schweizer-wanderwege.ch/de/wandervorschlaege/1411/Auf-der-Gossigenhochi-im-Toggenburg,47.3004656,9.1756588
https://www.schweizer-wanderwege.ch/de/wandervorschlaege/1409/Sich-verlieren-in-den-Freibergen,46.4841774,6.1157508
https://www.schweizer-wanderwege.ch/de/wandervorschlaege/1408/Auf-der-Wandflue-des-Grenchenbergs,47.2214876,7.3810915
https://www.schweizer-wanderwege.ch/de/wandervorschlaege/1407/Winterwanderung-im-Lotschental,46.4436311,7.856841
https://www.schweizer-wanderwege.ch/de/wandervorschlaege/1406/Aussichtsreich-uber-dem-Goms,46.3415147,8.001603
https://www.schweizer-wanderwege.ch/de/wandervorschlaege/1405/Und-ewig-lockt-das-Matterhorn,46.0171665,7.7697586
https://www.schweizer-wanderwege.ch/de/wandervorschlaege/69/Unter-dem-majestatischen-Zervreilahorn,47.002541,8.0352078
https://www.schweizer-wanderwege.ch/de/wandervorschlaege/86/Das-Stockhorn-im-Blick-BE,47.4627404,8.7142478
https://www.schweizer-wanderwege.ch/de/wandervorschlaege/85/Auf-der-Terrasse-ob-Brig-VS,50.2047485,17.689208
https://www.schweizer-wanderwege.ch/de/wandervorschlaege/96/Auf-Schneeschuhen-auf-den-Gumm,46.7741051,8.2695375
https://www.schweizer-wanderwege.ch/de/wandervorschlaege/94/Uber-die-Melchsee-Frutt-zur-Tannalp,46.7741051,8.2695375
https://www.schweizer-wanderwege.ch/de/wandervorschlaege/91/Gastlichkeit-in-Hoch-Ybrig,nan,nan
https://www.schweizer-wanderwege.ch/de/wandervorschlaege/109/Engadiner-Schneetraum-im-Val-Fex,46.4302391,9.7650386
https://www.schweizer-wanderwege.ch/de/wandervorschlaege/108/Winterwanderung-uber-dem-Val-de-Bagnes,46.0978697,7.2177319
https://www.schweizer-wanderwege.ch/de/wandervorschlaege/1250/Familienplausch-auf-der-Klewenalp,46.9391136,8.4741614
https://www.schweizer-wanderwege.ch/de/wandervorschlaege/1249/Durch-den-Zauberwald-unter-dem-Ortstock-GL,46.9498003,8.9943976
https://www.schweizer-wanderwege.ch/de/wandervorschlaege/1292/Schneeschuhwanderung-uber-dem-Genfersee,nan,nan
https://www.schweizer-wanderwege.ch/de/wandervorschlaege/1383/Von-Gais-nach-Stoss-und-zuruck,46.8331565,11.9474837
https://www.schweizer-wanderwege.ch/de/wandervorschlaege/1382/Von-Guttet-nach-Albinen,46.3247591,7.6660092
https://www.schweizer-wanderwege.ch/de/wandervorschlaege/1380/Mit-Schneeschuhen-uber-den-Mont-Soleil,nan,nan
https://www.schweizer-wanderwege.ch/de/wandervorschlaege/1379/Von-Saanenmoser-nach-Gstaad,46.5144482,7.3046961
https://www.schweizer-wanderwege.ch/de/wandervorschlaege/1374/Auf-weissen-Wegen-zur-Schwarzwaldalp-BE,46.6888748,8.1605699
https://www.schweizer-wanderwege.ch/de/wandervorschlaege/1388/Von-Marbach-nach-Bumbach,46.8542515,7.8997465
https://www.schweizer-wanderwege.ch/de/wandervorschlaege/1386/Schneeschuhtour-am-Mont-Pelerin,nan,nan
https://www.schweizer-wanderwege.ch/de/wandervorschlaege/1385/Von-Klosters-zur-Alp-Garfiun,46.869383,9.8809843
https://www.schweizer-wanderwege.ch/de/wandervorschlaege/1458/Wintermarchen-in-den-Freiburger-Voralpen,nan,nan
https://www.schweizer-wanderwege.ch/de/wandervorschlaege/1443/Winterruhe-mit-rasantem-Abschluss,52.6203333,10.5655511
https://www.schweizer-wanderwege.ch/de/wandervorschlaege/1439/Eiger-und-Wetterhorn-im-Blick-BE,47.0311004,9.0771048
https://www.schweizer-wanderwege.ch/de/wandervorschlaege/1434/Von-St-Antonien-nach-Partnun,46.9722703,9.831016
https://www.schweizer-wanderwege.ch/de/wandervorschlaege/1430/Hoch-uber-Sorenberg,nan,nan
https://www.schweizer-wanderwege.ch/de/wandervorschlaege/1371/Schneeschuhtraum-auf-Gitschenen-UR,46.9003648,8.4986454
https://www.schweizer-wanderwege.ch/de/wandervorschlaege/1378/Auf-dem-Roggi-s-Trail-GR,46.6100192,9.57179
https://www.schweizer-wanderwege.ch/de/wandervorschlaege/1552/Sich-den-Chasseron-verdienen,46.2634222,6.6313786
https://www.schweizer-wanderwege.ch/de/wandervorschlaege/1562/Ein-Hauch-von-Arktis-im-Toggenburg,47.1915197,9.3449151
https://www.schweizer-wanderwege.ch/de/wandervorschlaege/1561/Stille-Ecke-des-Oberengadins,46.5788766,9.9260141
https://www.schweizer-wanderwege.ch/de/wandervorschlaege/1559/Wintervielfalt-im-Goms,46.4870672,8.2632237
https://www.schweizer-wanderwege.ch/de/wandervorschlaege/1558/Winterzauber-im-Entlebuch,47.7498564,10.2832047
https://www.schweizer-wanderwege.ch/de/wandervorschlaege/1557/Tiefblick-im-Kandertal,46.4975866,7.6756638
https://www.schweizer-wanderwege.ch/de/wandervorschlaege/1569/Aussichtsreiche-Schneeschuhtour-im-Jura,nan,nan
https://www.schweizer-wanderwege.ch/de/wandervorschlaege/1568/Auf-Schneeschuhen-zum-Passwang,47.3791166,10.5380805
https://www.schweizer-wanderwege.ch/de/wandervorschlaege/1564/Wintersonne-im-Chablais,46.2977636,7.055331
https://www.schweizer-wanderwege.ch/de/wandervorschlaege/1563/Weisses-Weideland-im-Berner-Jura,47.1539506,7.1764095
https://www.schweizer-wanderwege.ch/de/wandervorschlaege/1575/Schneeschuhtour-auf-der-Mullernalp,47.0712669,9.0907589
https://www.schweizer-wanderwege.ch/de/wandervorschlaege/1574/Der-Heinzenberg-und-seine-Kirche,46.6868389,9.3737251
https://www.schweizer-wanderwege.ch/de/wandervorschlaege/1573/Der-Schamserberg-und-seine-Kirchen,46.6503991,9.4249992
https://www.schweizer-wanderwege.ch/de/wandervorschlaege/1570/Rundweg-auf-dem-Col-du-Marchairuz,46.5527909,6.2502869
https://www.schweizer-wanderwege.ch/de/wandervorschlaege/1599/Durch-geheimnisvollen-Winterwald,nan,nan
https://www.schweizer-wanderwege.ch/de/wandervorschlaege/1438/Sonnenterrasse-uber-dem-Saastal,46.225128,7.9027064
https://www.schweizer-wanderwege.ch/de/wandervorschlaege/1553/Sonne-geniessen-vor-den-schattigen-Diablerets,nan,nan
https://www.schweizer-wanderwege.ch/de/wandervorschlaege/1600/Einzigartiger-Morteratschgletscher,46.4507365,9.940432
https://www.schweizer-wanderwege.ch/de/wandervorschlaege/1616/Rundwanderung-im-Herzen-der-Zentralschweiz,46.6339543,8.59758
https://www.schweizer-wanderwege.ch/de/wandervorschlaege/1615/Zeitlos-im-Val-Sinestra,46.8425985,10.367305
https://www.schweizer-wanderwege.ch/de/wandervorschlaege/1614/Winterliche-Tour-im-Tal-der-Salentse,nan,nan
https://www.schweizer-wanderwege.ch/de/wandervorschlaege/1613/Vom-Turren-zum-Schonbuel,46.7895714,8.1324548
https://www.schweizer-wanderwege.ch/de/wandervorschlaege/1620/Den-Piz-Darlux-GR-besteigen,46.6233562,9.7756677
https://www.schweizer-wanderwege.ch/de/wandervorschlaege/1619/Winterwandern-am-Faulhorn,46.6504815,8.0650733
https://www.schweizer-wanderwege.ch/de/wandervorschlaege/1618/Vom-Eigental-auf-s-Rageflueli,47.0067447,8.2194961
https://www.schweizer-wanderwege.ch/de/wandervorschlaege/1617/Auf-Schneeschuhen-uber-dem-Vispertal,46.2581303,7.9029134
https://www.schweizer-wanderwege.ch/de/wandervorschlaege/1637/Rasante-Fahrt-auf-dem-Hasliberg-BE,46.7568336,8.2212269
https://www.schweizer-wanderwege.ch/de/wandervorschlaege/1636/Schneeschuhwanderung-im-Toggenburg,47.1783094,9.3002815
https://www.schweizer-wanderwege.ch/de/wandervorschlaege/1687/Wintersonne-im-Engelbergertal,47.0425291,8.7017635
https://www.schweizer-wanderwege.ch/de/wandervorschlaege/1686/Hohenwege-in-der-Surselva,46.7178166,9.1740439
https://www.schweizer-wanderwege.ch/de/wandervorschlaege/1685/Rundtour-auf-Schneeschuhen-im-Greyerzerland,46.6492329,7.188121
https://www.schweizer-wanderwege.ch/de/wandervorschlaege/1684/Am-Sonnenhang-von-Grindelwald,46.6504525,7.9910449
https://www.schweizer-wanderwege.ch/de/wandervorschlaege/1683/Hugeltour-im-Appenzellerland,47.2564785,9.3175958
https://www.schweizer-wanderwege.ch/de/wandervorschlaege/1693/Schneeschuhtour-auf-der-Ibergeregg,47.0174278,8.7332101
https://www.schweizer-wanderwege.ch/de/wandervorschlaege/1691/Schattenspiele-im-Val-d-Anniviers,46.2561627,7.5303311
https://www.schweizer-wanderwege.ch/de/wandervorschlaege/1690/Weisse-Weiden-im-Waadtlander-Jura,46.4545264,6.1117067
https://www.schweizer-wanderwege.ch/de/wandervorschlaege/1698/Kurz-an-die-Sonne-oberhalb-Locarno,46.1832973,8.7869458
https://www.schweizer-wanderwege.ch/de/wandervorschlaege/1696/Auf-der-Rigi-Scheidegg,47.0274441,8.5195668
https://www.schweizer-wanderwege.ch/de/wandervorschlaege/1695/Winterwandern-durch-Surses-in-zwei-Akten,46.6073114,9.5916286
https://www.schweizer-wanderwege.ch/de/wandervorschlaege/1694/Im-Hochmoor-von-Rothenthurm,47.1047258,8.6748441
https://www.schweizer-wanderwege.ch/de/wandervorschlaege/1701/Zu-den-Geissen-auf-Sattel-Hochstuckli,47.0674696,8.6498568
https://www.schweizer-wanderwege.ch/de/wandervorschlaege/1700/Ruhe-tanken-im-Gadmertal,46.7196064,8.2901957
https://www.schweizer-wanderwege.ch/de/wandervorschlaege/1699/Schneeschuhtour-am-Niederhorn,46.7015964,7.7722918
https://www.schweizer-wanderwege.ch/de/wandervorschlaege/1714/Im-Schnee-uber-den-Gemmipass,46.3963126,7.6114172
https://www.schweizer-wanderwege.ch/de/wandervorschlaege/1715/Winterwunderland-oberhalb-des-Walensees,47.1038587,9.1267617
https://www.schweizer-wanderwege.ch/de/wandervorschlaege/1737/Gemutliche-Rundtour-auf-der-Bannalp,46.8712601,8.4368696
https://www.schweizer-wanderwege.ch/de/wandervorschlaege/1736/Auf-dem-Sonnenbalkon-im-Val-d-Herens,46.0809695,7.5133008
https://www.schweizer-wanderwege.ch/de/wandervorschlaege/1735/Winterwandern-in-den-Freibergen,47.2035058,6.9408552
https://www.schweizer-wanderwege.ch/de/wandervorschlaege/1732/Schneeschuhtour-auf-dem-Grenchenberg,47.2214876,7.3810915
https://www.schweizer-wanderwege.ch/de/wandervorschlaege/1731/Auf-dem-Rucken-der-Churfirsten,47.154808,9.3127749
https://www.schweizer-wanderwege.ch/de/wandervorschlaege/1730/Sonniger-Col-des-Mosses,46.3989758,7.1026303
https://www.schweizer-wanderwege.ch/de/wandervorschlaege/1729/Mit-Schneeschuhen-auf-dem-Simplon,46.2457365,8.0238739
https://www.schweizer-wanderwege.ch/de/wandervorschlaege/1791/Gesperrt-Schneeschuhrunde-im-Toggenburg,47.3004656,9.1756588
https://www.schweizer-wanderwege.ch/de/wandervorschlaege/1788/Viel-Sonne-und-Aussicht-im-Saanenland,46.5043881,7.2908891
https://www.schweizer-wanderwege.ch/de/wandervorschlaege/1792/Wintersonne-im-Landwassertal,46.8397431,9.8706715
https://www.schweizer-wanderwege.ch/de/wandervorschlaege/1796/Winterwanderperle-in-der-Surselva,46.7156095,9.1716617
https://www.schweizer-wanderwege.ch/de/wandervorschlaege/1795/Auf-dem-Moosalp-Panoramaweg,46.2780869,7.8239271
https://www.schweizer-wanderwege.ch/de/wandervorschlaege/1799/Winteridylle-am-Col-du-Pillon,46.3534286,7.2045971
https://www.schweizer-wanderwege.ch/de/wandervorschlaege/1798/Durch-Entlebucher-Moorgebiete,46.8218299,8.0345661
https://www.schweizer-wanderwege.ch/de/wandervorschlaege/1797/Schneeschuhtour-hoch-uber-dem-Urner-Reusstal,nan,nan
https://www.schweizer-wanderwege.ch/de/wandervorschlaege/1794/Schneeschuhtour-in-der-Leventina,46.4742811,8.775237
https://www.schweizer-wanderwege.ch/de/wandervorschlaege/1806/Winterseenwanderung-bei-St-Moritz,46.4885379,9.8375475
https://www.schweizer-wanderwege.ch/de/wandervorschlaege/1805/Winterwandern-ubers-Eis,46.3270296,7.213774
https://www.schweizer-wanderwege.ch/de/wandervorschlaege/1804/Aufs-sonnige-Cheibehore,46.6800407,7.6002866
https://www.schweizer-wanderwege.ch/de/wandervorschlaege/1802/Eiswanderweg-im-Engadin,46.5868703,9.9389122
https://www.schweizer-wanderwege.ch/de/wandervorschlaege/1841/Unaufgeregt-geradeaus,46.0941767,7.9576584
https://www.schweizer-wanderwege.ch/de/wandervorschlaege/1839/Dem-Eiger-entgegenwandern,46.6181397,7.9380395
https://www.schweizer-wanderwege.ch/de/wandervorschlaege/1838/Hoch-uber-Verbier,nan,nan
https://www.schweizer-wanderwege.ch/de/wandervorschlaege/1837/Grosse-Schneeschuhspuren-ob-Engelberg,46.8013357,8.4684285
https://www.schweizer-wanderwege.ch/de/wandervorschlaege/1910/Waadtlander-Bergwinter,46.3218865,7.073167
https://www.schweizer-wanderwege.ch/de/wandervorschlaege/1911/Beatenberg-und-die-verschneiten-Berner-Alpen,46.6932513,7.783279
https://www.schweizer-wanderwege.ch/de/wandervorschlaege/1912/Winterliche-Freiberge,47.2115671,7.0054836
https://www.schweizer-wanderwege.ch/de/wandervorschlaege/1915/Abseits-der-Pistenhektik-auf-der-Lenzerheide,46.7602456,9.5575698
https://www.schweizer-wanderwege.ch/de/wandervorschlaege/1917/Winterzauber-im-Lotschental,46.4131389,7.7764321
https://www.schweizer-wanderwege.ch/de/wandervorschlaege/1918/Im-Seilbahnland-Nidwalden,46.9134569,8.3668617
https://www.schweizer-wanderwege.ch/de/wandervorschlaege/1928/Viel-Zeit-haben-im-Bedrettotal,46.486913,8.4757373
https://www.schweizer-wanderwege.ch/de/wandervorschlaege/1927/Die-Schneeinsel-oberhalb-von-Airolo,47.2186371,-1.5541362
https://www.schweizer-wanderwege.ch/de/wandervorschlaege/1926/Durch-das-wilde-Lavizzaratal,nan,nan
https://www.schweizer-wanderwege.ch/de/wandervorschlaege/1931/Auf-der-Sonnenseite-des-Bleniotals,nan,nan
https://www.schweizer-wanderwege.ch/de/wandervorschlaege/1930/Kulturbummel-im-untersten-Val-Mustair,46.6260992,10.4460358
https://www.schweizer-wanderwege.ch/de/wandervorschlaege/1929/Schlaufe-durch-die-Gommer-Talsohle,46.4558889,8.2166061
https://www.schweizer-wanderwege.ch/de/wandervorschlaege/1936/Die-alten-Larchen-des-Saastals,47.4885416,7.7273249
https://www.schweizer-wanderwege.ch/de/wandervorschlaege/1939/Winteridylle-bei-Gstaad,nan,nan
https://www.schweizer-wanderwege.ch/de/wandervorschlaege/2271/Auf-verschneiten-Romerwegen-zum-Septimerpass,46.4700126,9.6497525
https://www.schweizer-wanderwege.ch/de/wandervorschlaege/2272/Schneeschuhrunde-von-Sur-uber-die-Alp-Flix,46.5230901,9.6314257
https://www.schweizer-wanderwege.ch/de/wandervorschlaege/2273/Schneeschuhtrail-oberhalb-von-Salouf,nan,nan
https://www.schweizer-wanderwege.ch/de/wandervorschlaege/2274/Einfache-Tour-fur-Sonnenhungrige-im-Val-Surses,46.5868697,9.5537053
https://www.schweizer-wanderwege.ch/de/wandervorschlaege/2275/Zu-den-Anfangen-des-Lawinenschutzes-in-Leukerbad,46.3793158,7.6267416
https://www.schweizer-wanderwege.ch/de/wandervorschlaege/2278/Leichte-Schneeschuhwanderung-auf-dem-Niederbauen,46.9412638,8.5430251
https://www.schweizer-wanderwege.ch/de/wandervorschlaege/2279/Bei-den-Haslizwergen-im-Winter,46.7498245,8.2363643
https://www.schweizer-wanderwege.ch/de/wandervorschlaege/1230/Weisser-Traum-im-Urserental,46.6340499,8.5948148
https://www.schweizer-wanderwege.ch/de/wandervorschlaege/3496/Viel-Ruhe-und-Aussicht-im-Val-d-Illiez,46.2063027,6.8739742
https://www.schweizer-wanderwege.ch/de/wandervorschlaege/3497/Uber-die-Engstligenalp-zum-Lagerstein,46.4464835,7.5648635
https://www.schweizer-wanderwege.ch/de/wandervorschlaege/3500/Kurze-Rundtour-fur-Sonnenhungrige,46.6588976,7.2937039
https://www.schweizer-wanderwege.ch/de/wandervorschlaege/3501/Unter-dem-Chasseral-ob-dem-Nebel,47.0985502,6.3357353
https://www.schweizer-wanderwege.ch/de/wandervorschlaege/3507/Schneeschuhwandern-am-Mattstogg,47.1488317,9.14823
https://www.schweizer-wanderwege.ch/de/wandervorschlaege/3508/Gemutlich-bis-zum-Berghaus-Alpenrosli,46.869383,9.8809843
https://www.schweizer-wanderwege.ch/de/wandervorschlaege/3517/Glarner-Gipfel-zwischen-Alpen-und-Voralpen,47.1247362,9.0207363
https://www.schweizer-wanderwege.ch/de/wandervorschlaege/3518/Viel-Geologie-und-sonnige-Aussichten-ob-Elm,46.9219717,9.1542662
https://www.schweizer-wanderwege.ch/de/wandervorschlaege/3519/Eine-einfache-Rundtour-im-Sernftal,52.6203333,10.5655511
https://www.schweizer-wanderwege.ch/de/wandervorschlaege/3520/Leichte-Schneeschuhwanderung-durchs-Wildschutzgebiet,47.1248124,8.9981412
https://www.schweizer-wanderwege.ch/de/wandervorschlaege/3522/Schneeschuhrunde-uber-die-Lombachalp,nan,nan
https://www.schweizer-wanderwege.ch/de/wandervorschlaege/3523/Kurzwanderung-auf-dem-Simplonpass,46.2457365,8.0238739
https://www.schweizer-wanderwege.ch/de/wandervorschlaege/3524/Ohne-Steigung-zu-den-Simmenfallen,46.4579692,7.4437345
https://www.schweizer-wanderwege.ch/de/wandervorschlaege/3525/Verschneite-Hochebene-im-Domleschg,46.70513,8.9996169
